{
  "project_info": {
    "project_number": "60700269359",
    "project_id": "areb-9f81a",
    "storage_bucket": "areb-9f81a.appspot.com"
  },
  "client": [
    {
      "client_info": {
        "mobilesdk_app_id": "1:60700269359:android:a8789efbab3969ad3f5fda",
        "android_client_info": {
          "package_name": "com.example.areb"
        }
      },
      "oauth_client": [],
      "api_key": [
        {
          "current_key": "AIzaSyCHEMSiQyY88lJ9DnPmUedKYC4RDJBRvp0"
        }
      ],
      "services": {
        "appinvite_service": {
          "other_platform_oauth_client": []
        }
      }
    }
  ],
  "configuration_version": "1"
}